<?xml version="1.0" encoding="UTF-8"?>
<beans xmlns="http://www.springframework.org/schema/beans"
	xmlns:xsi="http://www.w3.org/2001/XMLSchema-instance"
	xsi:schemaLocation="http://www.springframework.org/schema/beans
        https://www.springframework.org/schema/beans/spring-beans.xsd">




	<bean id="dateFormat" class="java.text.SimpleDateFormat">
		<constructor-arg value="dd-MM-yyyy" />
	</bean>

	<bean class="com.cognizant.springlearn.bean.Department"
		name="dept">
		<property name="id" value="004" />
		<property name="name" value="SDET" />
	</bean>
	<bean class="com.cognizant.springlearn.bean.Employee" name="emp">
		<property name="id" value="2266517" />
		<property name="name" value="Aman Verma" />
		<property name="salary" value="26000" />
		<property name="permanent" value="false" />
		<property name="dateOfBirth">
			<bean factory-bean="dateFormat" factory-method="parse">
				<constructor-arg value="18-09-2002" />
			</bean>
		</property>
		<property name="department" ref="dept" />
		<property name="skills">
			<array>
				<ref bean="skillHtml" />
				<ref bean="skillCss" />
				<ref bean="skillJs" />
			</array>
		</property>

	</bean>
	<bean id="skillHtml" class="com.cognizant.springlearn.bean.Skill">
		<property name="id" value="1" />
		<property name="name" value="Html" />
	</bean>
	<bean id="skillCss" class="com.cognizant.springlearn.bean.Skill">
		<property name="id" value="2" />
		<property name="name" value="Css" />
	</bean>
	<bean id="skillJs" class="com.cognizant.springlearn.bean.Skill">
		<property name="id" value="3" />
		<property name="name" value="Js" />
	</bean>



	 <bean
		class="com.cognizant.springlearn.controller.EmployeeController"
		id="employeeController" />

	 <bean class="com.cognizant.springlearn.service.EmployeeService"
		id="employeeService" />
	<bean class="com.cognizant.springlearn.dao.EmployeeDao"
		id="employeeDao" /> 

	<!-- <bean class="com.cognizant.springlearn.controller.EmployeeController" 
		id="employeeController-autowired" autowire="byType"/> <bean class="com.cognizant.springlearn.service.EmployeeService" 
		id="employeeService-autowired" autowire="byType"/> <bean class="com.cognizant.springlearn.dao.EmployeeDao" 
		id="employeeDao-autowired"/> -->


</beans>
